{
  "users": [
    {
      "id": 8,
      "name": "Nicholas Runolfsdottir V",
      "username": "Maxime_Nienow",
      "email": "Sherwood@rosamond.me",
      "address": {
        "street": "Ellsworth Summit",
        "suite": "Suite 729",
        "city": "Aliyaview",
        "zipcode": "45169",
        "geo": {
          "lat": "-14.3990",
          "lng": "-120.7677"
        }
      },
      "phone": "586.493.6943 x140",
      "website": "jacynthe.com",
      "company": {
        "name": "Abernathy Group",
        "catchPhrase": "Implemented secondary concept",
        "bs": "e-enable extensible e-tailers"
      }
    },
    {
      "id": 10,
      "name": "Clementina DuBuque",
      "username": "Moriah.Stanton",
      "email": "Rey.Padberg@karina.biz",
      "address": {
        "street": "Kattie Turnpike",
        "suite": "Suite 198",
        "city": "Lebsackbury",
        "zipcode": "31428-2261",
        "geo": {
          "lat": "-38.2386",
          "lng": "57.2232"
        }
      },
      "phone": "024-648-3804",
      "website": "ambrose.net",
      "company": {
        "name": "Hoeger LLC",
        "catchPhrase": "Centralized empowering task-force",
        "bs": "target end-to-end models"
      }
    }
  ]
}